{
  "mortgage": {
    "name": "Ипотечный кредит",
    "description": "Рассчитайте ежемесячный платёж по ипотеке с учётом процентной ставки",
    "annualRate": 9.6
  },
  "car-loan": {
    "name": "Кредит на приобретение автомобиля",
    "description": "Рассчитайте ежемесячный платёж по автокредиту",
    "annualRate": 3.5
  },
  "consumer-loan": {
    "name": "Потребительский кредит",
    "description": "Рассчитайте ежемесячный платёж по потребительскому кредиту",
    "annualRate": 14.5
  }
}